{
  "id": "",
  "name": "",
  "font_family": "iconfont",
  "css_prefix_text": "icon-",
  "description": "",
  "glyphs": [
    {
      "icon_id": "617831",
      "name": "评论",
      "font_class": "41",
      "unicode": "e616",
      "unicode_decimal": 58902
    },
    {
      "icon_id": "740812",
      "name": "赞",
      "font_class": "zan-copy",
      "unicode": "e601",
      "unicode_decimal": 58881
    },
    {
      "icon_id": "769711",
      "name": "上箭头",
      "font_class": "icon",
      "unicode": "e64a",
      "unicode_decimal": 58954
    },
    {
      "icon_id": "1226204",
      "name": "赞",
      "font_class": "zan",
      "unicode": "e610",
      "unicode_decimal": 58896
    },
    {
      "icon_id": "1916109",
      "name": "评论",
      "font_class": "pinglun",
      "unicode": "e68e",
      "unicode_decimal": 59022
    },
    {
      "icon_id": "3079463",
      "name": "QQ音乐_灰",
      "font_class": "qqmusicgrey",
      "unicode": "e617",
      "unicode_decimal": 58903
    },
    {
      "icon_id": "3285127",
      "name": "下箭头",
      "font_class": "arrow-down",
      "unicode": "e505",
      "unicode_decimal": 58629
    },
    {
      "icon_id": "3704000",
      "name": "赞 空心",
      "font_class": "zankongxin",
      "unicode": "e502",
      "unicode_decimal": 58626
    },
    {
      "icon_id": "4749793",
      "name": "赞",
      "font_class": "zan1",
      "unicode": "ea84",
      "unicode_decimal": 60036
    },
    {
      "icon_id": "4764180",
      "name": "评论",
      "font_class": "pinglun1",
      "unicode": "e67c",
      "unicode_decimal": 59004
    },
    {
      "icon_id": "5332239",
      "name": "下箭头",
      "font_class": "arrowdown",
      "unicode": "e501",
      "unicode_decimal": 58625
    },
    {
      "icon_id": "5796586",
      "name": "爱心",
      "font_class": "love-b",
      "unicode": "e504",
      "unicode_decimal": 58628
    },
    {
      "icon_id": "5969561",
      "name": "上箭头",
      "font_class": "up",
      "unicode": "e606",
      "unicode_decimal": 58886
    },
    {
      "icon_id": "6509044",
      "name": "评论",
      "font_class": "pinglun2",
      "unicode": "e65e",
      "unicode_decimal": 58974
    },
    {
      "icon_id": "6739727",
      "name": "评论",
      "font_class": "qz",
      "unicode": "e506",
      "unicode_decimal": 58630
    },
    {
      "icon_id": "7176525",
      "name": "评论",
      "font_class": "pinglun3",
      "unicode": "e61a",
      "unicode_decimal": 58906
    },
    {
      "icon_id": "7479002",
      "name": "网易云音乐",
      "font_class": "wangyiyunyinle",
      "unicode": "e507",
      "unicode_decimal": 58631
    },
    {
      "icon_id": "7810818",
      "name": "分页 - 上一页",
      "font_class": "fenye-shangyiye",
      "unicode": "e61f",
      "unicode_decimal": 58911
    },
    {
      "icon_id": "7872628",
      "name": "爱心",
      "font_class": "aixin",
      "unicode": "e645",
      "unicode_decimal": 58949
    },
    {
      "icon_id": "7878442",
      "name": "分页 - 上一页",
      "font_class": "fenye-shangyiye1",
      "unicode": "e60a",
      "unicode_decimal": 58890
    },
    {
      "icon_id": "8021515",
      "name": "video",
      "font_class": "video",
      "unicode": "e862",
      "unicode_decimal": 59490
    },
    {
      "icon_id": "8033553",
      "name": "酷狗音乐",
      "font_class": "kugouyinle",
      "unicode": "ea90",
      "unicode_decimal": 60048
    },
    {
      "icon_id": "8198530",
      "name": "下箭头",
      "font_class": "arrow-down1",
      "unicode": "e503",
      "unicode_decimal": 58627
    },
    {
      "icon_id": "8724178",
      "name": "爱心",
      "font_class": "aixin1",
      "unicode": "e508",
      "unicode_decimal": 58632
    },
    {
      "icon_id": "9216035",
      "name": "video",
      "font_class": "video1",
      "unicode": "e82d",
      "unicode_decimal": 59437
    },
    {
      "icon_id": "9216742",
      "name": "Serach",
      "font_class": "Serach",
      "unicode": "e67e",
      "unicode_decimal": 59006
    },
    {
      "icon_id": "9572949",
      "name": "赞",
      "font_class": "zan2",
      "unicode": "e66b",
      "unicode_decimal": 58987
    },
    {
      "icon_id": "9941603",
      "name": "上箭头",
      "font_class": "up1",
      "unicode": "e509",
      "unicode_decimal": 58633
    },
    {
      "icon_id": "10240486",
      "name": "赞",
      "font_class": "zan3",
      "unicode": "e661",
      "unicode_decimal": 58977
    },
    {
      "icon_id": "10258595",
      "name": "爱心",
      "font_class": "aixin2",
      "unicode": "e512",
      "unicode_decimal": 58642
    },
    {
      "icon_id": "10540700",
      "name": "虾米音乐",
      "font_class": "ruanjian-",
      "unicode": "e604",
      "unicode_decimal": 58884
    },
    {
      "icon_id": "10943093",
      "name": "爱心 (2)",
      "font_class": "aixin3",
      "unicode": "e655",
      "unicode_decimal": 58965
    },
    {
      "icon_id": "11439211",
      "name": "下箭头",
      "font_class": "arrow-left",
      "unicode": "e679",
      "unicode_decimal": 59001
    },
    {
      "icon_id": "11991062",
      "name": "播放 ",
      "font_class": "bofang",
      "unicode": "e63c",
      "unicode_decimal": 58940
    },
    {
      "icon_id": "13867875",
      "name": "赞",
      "font_class": "zan4",
      "unicode": "e61e",
      "unicode_decimal": 58910
    },
    {
      "icon_id": "13967509",
      "name": "心 爱心 - 副本",
      "font_class": "big_xinaixin_ys",
      "unicode": "e50a",
      "unicode_decimal": 58634
    },
    {
      "icon_id": "14267346",
      "name": "video",
      "font_class": "video2",
      "unicode": "e7d6",
      "unicode_decimal": 59350
    },
    {
      "icon_id": "14488591",
      "name": "酷我音乐",
      "font_class": "kuwoyinle",
      "unicode": "e678",
      "unicode_decimal": 59000
    },
    {
      "icon_id": "14560030",
      "name": "播放",
      "font_class": "bofang1",
      "unicode": "e63d",
      "unicode_decimal": 58941
    }
  ]
}
